,SigC,SigH,EpsC,EpsH,density,estimErr
1,0.075,0.0683,0.2465,0.03,640.872,18.0
2,0.075,0.0683,0.2465,0.05,634.243,19.0
3,0.075,0.0683,0.2465,0.07,626.397,20.0
4,0.075,0.0683,0.2465,0.09,631.671,20.0
5,0.075,0.0683,0.2465,0.11,639.387,17.0
6,0.075,0.0683,0.2465,0.13,630.84,17.0
7,0.075,0.0683,0.4108,0.03,636.813,17.0
8,0.075,0.0683,0.4108,0.05,638.93,15.0
9,0.075,0.0683,0.4108,0.07,631.79,21.0
10,0.075,0.0683,0.4108,0.09,630.896,19.0
11,0.075,0.0683,0.4108,0.11,635.388,19.0
12,0.075,0.0683,0.4108,0.13,638.523,16.0
13,0.075,0.0683,0.5751,0.03,637.325,18.0
14,0.075,0.0683,0.5751,0.05,639.607,18.0
15,0.075,0.0683,0.5751,0.07,629.011,20.0
16,0.075,0.0683,0.5751,0.09,630.371,17.0
17,0.075,0.0683,0.5751,0.11,632.901,19.0
18,0.075,0.0683,0.5751,0.13,636.068,17.0
19,0.075,0.0683,0.7394,0.03,633.475,18.0
20,0.075,0.0683,0.7394,0.05,631.349,22.0
21,0.075,0.0683,0.7394,0.07,632.303,14.0
22,0.075,0.0683,0.7394,0.09,628.406,23.0
23,0.075,0.0683,0.7394,0.11,635.406,15.0
24,0.075,0.0683,0.7394,0.13,635.761,17.0
25,0.075,0.0683,0.9037,0.03,634.085,17.0
26,0.075,0.0683,0.9037,0.05,634.65,20.0
27,0.075,0.0683,0.9037,0.07,631.785,15.0
28,0.075,0.0683,0.9037,0.09,630.36,14.0
29,0.075,0.0683,0.9037,0.11,635.304,16.0
30,0.075,0.0683,0.9037,0.13,633.353,20.0
31,0.075,0.0683,1.068,0.03,634.676,22.0
32,0.075,0.0683,1.068,0.05,635.961,19.0
33,0.075,0.0683,1.068,0.07,634.724,18.0
34,0.075,0.0683,1.068,0.09,637.514,14.0
35,0.075,0.0683,1.068,0.11,632.129,22.0
36,0.075,0.0683,1.068,0.13,633.191,17.0
37,0.075,0.1138,0.2465,0.03,635.798,17.0
38,0.075,0.1138,0.2465,0.05,641.9,15.0
39,0.075,0.1138,0.2465,0.07,633.535,21.0
40,0.075,0.1138,0.2465,0.09,636.694,18.0
41,0.075,0.1138,0.2465,0.11,637.334,22.0
42,0.075,0.1138,0.2465,0.13,644.151,15.0
43,0.075,0.1138,0.4108,0.03,638.744,18.0
44,0.075,0.1138,0.4108,0.05,638.957,17.0
45,0.075,0.1138,0.4108,0.07,635.945,19.0
46,0.075,0.1138,0.4108,0.09,635.191,19.0
47,0.075,0.1138,0.4108,0.11,637.517,18.0
48,0.075,0.1138,0.4108,0.13,640.279,16.0
49,0.075,0.1138,0.5751,0.03,635.818,18.0
50,0.075,0.1138,0.5751,0.05,631.989,25.0
51,0.075,0.1138,0.5751,0.07,635.266,19.0
52,0.075,0.1138,0.5751,0.09,632.214,22.0
53,0.075,0.1138,0.5751,0.11,643.488,15.0
54,0.075,0.1138,0.5751,0.13,636.816,17.0
55,0.075,0.1138,0.7394,0.03,633.879,24.0
56,0.075,0.1138,0.7394,0.05,634.039,17.0
57,0.075,0.1138,0.7394,0.07,633.821,17.0
58,0.075,0.1138,0.7394,0.09,637.517,20.0
59,0.075,0.1138,0.7394,0.11,634.38,15.0
60,0.075,0.1138,0.7394,0.13,638.242,17.0
61,0.075,0.1138,0.9037,0.03,637.514,16.0
62,0.075,0.1138,0.9037,0.05,631.687,20.0
63,0.075,0.1138,0.9037,0.07,636.466,16.0
64,0.075,0.1138,0.9037,0.09,627.445,23.0
65,0.075,0.1138,0.9037,0.11,631.284,21.0
66,0.075,0.1138,0.9037,0.13,632.842,21.0
67,0.075,0.1138,1.068,0.03,628.767,17.0
68,0.075,0.1138,1.068,0.05,635.199,20.0
69,0.075,0.1138,1.068,0.07,636.196,18.0
70,0.075,0.1138,1.068,0.09,636.47,17.0
71,0.075,0.1138,1.068,0.11,636.95,17.0
72,0.075,0.1138,1.068,0.13,634.523,18.0
73,0.075,0.1593,0.2465,0.03,645.855,14.0
74,0.075,0.1593,0.2465,0.05,645.058,15.0
75,0.075,0.1593,0.2465,0.07,642.258,21.0
76,0.075,0.1593,0.2465,0.09,643.859,24.0
77,0.075,0.1593,0.2465,0.11,653.17,18.0
78,0.075,0.1593,0.2465,0.13,650.667,19.0
79,0.075,0.1593,0.4108,0.03,635.278,24.0
80,0.075,0.1593,0.4108,0.05,634.802,27.0
81,0.075,0.1593,0.4108,0.07,644.012,17.0
82,0.075,0.1593,0.4108,0.09,647.91,19.0
83,0.075,0.1593,0.4108,0.11,651.969,18.0
84,0.075,0.1593,0.4108,0.13,657.309,17.0
85,0.075,0.1593,0.5751,0.03,637.757,17.0
86,0.075,0.1593,0.5751,0.05,648.218,13.0
87,0.075,0.1593,0.5751,0.07,645.019,18.0
88,0.075,0.1593,0.5751,0.09,650.553,20.0
89,0.075,0.1593,0.5751,0.11,656.579,15.0
90,0.075,0.1593,0.5751,0.13,658.425,20.0
91,0.075,0.1593,0.7394,0.03,639.815,17.0
92,0.075,0.1593,0.7394,0.05,641.723,21.0
93,0.075,0.1593,0.7394,0.07,648.945,19.0
94,0.075,0.1593,0.7394,0.09,652.047,19.0
95,0.075,0.1593,0.7394,0.11,648.493,18.0
96,0.075,0.1593,0.7394,0.13,651.902,17.0
97,0.075,0.1593,0.9037,0.03,640.536,18.0
98,0.075,0.1593,0.9037,0.05,643.316,19.0
99,0.075,0.1593,0.9037,0.07,645.217,17.0
100,0.075,0.1593,0.9037,0.09,650.047,13.0
101,0.075,0.1593,0.9037,0.11,657.998,18.0
102,0.075,0.1593,0.9037,0.13,654.21,22.0
103,0.075,0.1593,1.068,0.03,643.7,18.0
104,0.075,0.1593,1.068,0.05,644.084,15.0
105,0.075,0.1593,1.068,0.07,648.205,18.0
106,0.075,0.1593,1.068,0.09,652.222,14.0
107,0.075,0.1593,1.068,0.11,658.015,20.0
108,0.075,0.1593,1.068,0.13,661.326,17.0
109,0.075,0.2048,0.2465,0.03,649.809,16.0
110,0.075,0.2048,0.2465,0.05,660.679,16.0
111,0.075,0.2048,0.2465,0.07,657.91,19.0
112,0.075,0.2048,0.2465,0.09,668.89,18.0
113,0.075,0.2048,0.2465,0.11,676.88,19.0
114,0.075,0.2048,0.2465,0.13,684.434,20.0
115,0.075,0.2048,0.4108,0.03,647.628,19.0
116,0.075,0.2048,0.4108,0.05,656.358,19.0
117,0.075,0.2048,0.4108,0.07,658.652,21.0
118,0.075,0.2048,0.4108,0.09,668.039,20.0
119,0.075,0.2048,0.4108,0.11,681.124,17.0
120,0.075,0.2048,0.4108,0.13,688.32,19.0
121,0.075,0.2048,0.5751,0.03,648.623,16.0
122,0.075,0.2048,0.5751,0.05,654.188,18.0
123,0.075,0.2048,0.5751,0.07,663.63,17.0
124,0.075,0.2048,0.5751,0.09,668.187,18.0
125,0.075,0.2048,0.5751,0.11,679.341,22.0
126,0.075,0.2048,0.5751,0.13,686.242,16.0
127,0.075,0.2048,0.7394,0.03,643.445,19.0
128,0.075,0.2048,0.7394,0.05,654.98,18.0
129,0.075,0.2048,0.7394,0.07,666.607,17.0
130,0.075,0.2048,0.7394,0.09,668.337,21.0
131,0.075,0.2048,0.7394,0.11,673.878,23.0
132,0.075,0.2048,0.7394,0.13,689.969,16.0
133,0.075,0.2048,0.9037,0.03,650.061,16.0
134,0.075,0.2048,0.9037,0.05,651.677,20.0
135,0.075,0.2048,0.9037,0.07,665.561,17.0
136,0.075,0.2048,0.9037,0.09,665.878,20.0
137,0.075,0.2048,0.9037,0.11,673.039,20.0
138,0.075,0.2048,0.9037,0.13,686.331,16.0
139,0.075,0.2048,1.068,0.03,647.455,18.0
140,0.075,0.2048,1.068,0.05,656.863,18.0
141,0.075,0.2048,1.068,0.07,665.982,15.0
142,0.075,0.2048,1.068,0.09,667.592,19.0
143,0.075,0.2048,1.068,0.11,677.813,19.0
144,0.075,0.2048,1.068,0.13,685.247,23.0
145,0.075,0.2503,0.2465,0.03,601.879,19.0
146,0.075,0.2503,0.2465,0.05,597.96,17.0
147,0.075,0.2503,0.2465,0.07,608.553,12.0
148,0.075,0.2503,0.2465,0.09,610.582,14.0
149,0.075,0.2503,0.2465,0.11,617.763,13.0
150,0.075,0.2503,0.2465,0.13,624.17,14.0
151,0.075,0.2503,0.4108,0.03,600.889,17.0
152,0.075,0.2503,0.4108,0.05,601.209,15.0
153,0.075,0.2503,0.4108,0.07,603.571,11.0
154,0.075,0.2503,0.4108,0.09,608.905,14.0
155,0.075,0.2503,0.4108,0.11,614.166,15.0
156,0.075,0.2503,0.4108,0.13,616.802,20.0
157,0.075,0.2503,0.5751,0.03,604.603,15.0
158,0.075,0.2503,0.5751,0.05,599.341,15.0
159,0.075,0.2503,0.5751,0.07,606.359,13.0
160,0.075,0.2503,0.5751,0.09,611.269,14.0
161,0.075,0.2503,0.5751,0.11,618.169,15.0
162,0.075,0.2503,0.5751,0.13,618.875,19.0
163,0.075,0.2503,0.7394,0.03,595.486,18.0
164,0.075,0.2503,0.7394,0.05,597.898,15.0
165,0.075,0.2503,0.7394,0.07,607.304,14.0
166,0.075,0.2503,0.7394,0.09,612.526,11.0
167,0.075,0.2503,0.7394,0.11,614.57,14.0
168,0.075,0.2503,0.7394,0.13,624.563,15.0
169,0.075,0.2503,0.9037,0.03,604.867,17.0
170,0.075,0.2503,0.9037,0.05,605.762,11.0
171,0.075,0.2503,0.9037,0.07,607.228,14.0
172,0.075,0.2503,0.9037,0.09,610.226,13.0
173,0.075,0.2503,0.9037,0.11,611.014,19.0
174,0.075,0.2503,0.9037,0.13,621.655,17.0
175,0.075,0.2503,1.068,0.03,603.372,9.8
176,0.075,0.2503,1.068,0.05,599.976,17.0
177,0.075,0.2503,1.068,0.07,600.955,14.0
178,0.075,0.2503,1.068,0.09,609.561,17.0
179,0.075,0.2503,1.068,0.11,617.298,14.0
180,0.075,0.2503,1.068,0.13,622.336,15.0
181,0.075,0.2958,0.2465,0.03,380.457,14.0
182,0.0750,0.2958,0.2465,0.05,446.143,--
183,0.0750,0.2958,0.2465,0.07,446.143,--
184,0.0750,0.2958,0.2465,0.09,446.143,--
185,0.0750,0.2958,0.2465,0.11,446.143,--
186,0.0750,0.2958,0.2465,0.13,446.143,--
187,0.075,0.2958,0.4108,0.03,391.884,12.0
188,0.0750,0.2958,0.4108,0.05,446.143,--
189,0.0750,0.2958,0.4108,0.07,446.143,--
190,0.0750,0.2958,0.4108,0.09,446.143,--
191,0.0750,0.2958,0.4108,0.11,446.143,--
192,0.0750,0.2958,0.4108,0.13,446.143,--
193,0.075,0.2958,0.5751,0.03,374.413,9.4
194,0.0750,0.2958,0.5751,0.05,446.143,--
195,0.0750,0.2958,0.5751,0.07,446.143,--
196,0.0750,0.2958,0.5751,0.09,446.143,--
197,0.0750,0.2958,0.5751,0.11,446.143,--
198,0.0750,0.2958,0.5751,0.13,446.143,--
199,0.075,0.2958,0.7394,0.03,396.062,14.0
200,0.0750,0.2958,0.7394,0.05,446.143,--
201,0.0750,0.2958,0.7394,0.07,446.143,--
202,0.0750,0.2958,0.7394,0.09,446.143,--
203,0.0750,0.2958,0.7394,0.11,446.143,--
204,0.0750,0.2958,0.7394,0.13,446.143,--
205,0.075,0.2958,0.9037,0.03,396.925,9.9
206,0.0750,0.2958,0.9037,0.05,446.143,--
207,0.0750,0.2958,0.9037,0.07,446.143,--
208,0.0750,0.2958,0.9037,0.09,446.143,--
209,0.0750,0.2958,0.9037,0.11,446.143,--
210,0.0750,0.2958,0.9037,0.13,446.143,--
211,0.075,0.2958,1.068,0.03,389.132,16.0
212,0.0750,0.2958,1.068,0.05,446.143,--
213,0.0750,0.2958,1.068,0.07,446.143,--
214,0.0750,0.2958,1.068,0.09,446.143,--
215,0.0750,0.2958,1.068,0.11,446.143,--
216,0.0750,0.2958,1.068,0.13,446.143,--
217,0.125,0.0683,0.2465,0.03,632.032,17.0
218,0.125,0.0683,0.2465,0.05,632.127,19.0
219,0.125,0.0683,0.2465,0.07,637.2,14.0
220,0.125,0.0683,0.2465,0.09,631.436,21.0
221,0.125,0.0683,0.2465,0.11,639.602,15.0
222,0.125,0.0683,0.2465,0.13,631.167,18.0
223,0.125,0.0683,0.4108,0.03,641.432,15.0
224,0.125,0.0683,0.4108,0.05,630.857,17.0
225,0.125,0.0683,0.4108,0.07,628.198,20.0
226,0.125,0.0683,0.4108,0.09,635.797,19.0
227,0.125,0.0683,0.4108,0.11,628.612,18.0
228,0.125,0.0683,0.4108,0.13,635.796,17.0
229,0.125,0.0683,0.5751,0.03,629.047,24.0
230,0.125,0.0683,0.5751,0.05,632.128,22.0
231,0.125,0.0683,0.5751,0.07,635.979,16.0
232,0.125,0.0683,0.5751,0.09,632.083,16.0
233,0.125,0.0683,0.5751,0.11,630.309,24.0
234,0.125,0.0683,0.5751,0.13,634.93,17.0
235,0.125,0.0683,0.7394,0.03,637.204,18.0
236,0.125,0.0683,0.7394,0.05,637.481,18.0
237,0.125,0.0683,0.7394,0.07,642.171,18.0
238,0.125,0.0683,0.7394,0.09,630.594,19.0
239,0.125,0.0683,0.7394,0.11,635.279,17.0
240,0.125,0.0683,0.7394,0.13,630.808,20.0
241,0.125,0.0683,0.9037,0.03,625.977,25.0
242,0.125,0.0683,0.9037,0.05,635.796,19.0
243,0.125,0.0683,0.9037,0.07,636.121,16.0
244,0.125,0.0683,0.9037,0.09,636.89,19.0
245,0.125,0.0683,0.9037,0.11,636.687,17.0
246,0.125,0.0683,0.9037,0.13,631.175,19.0
247,0.125,0.0683,1.068,0.03,634.526,22.0
248,0.125,0.0683,1.068,0.05,639.748,16.0
249,0.125,0.0683,1.068,0.07,632.154,19.0
250,0.125,0.0683,1.068,0.09,633.792,17.0
251,0.125,0.0683,1.068,0.11,641.06,19.0
252,0.125,0.0683,1.068,0.13,637.471,19.0
253,0.125,0.1138,0.2465,0.03,634.848,19.0
254,0.125,0.1138,0.2465,0.05,638.674,18.0
255,0.125,0.1138,0.2465,0.07,630.893,22.0
256,0.125,0.1138,0.2465,0.09,639.961,18.0
257,0.125,0.1138,0.2465,0.11,640.664,20.0
258,0.125,0.1138,0.2465,0.13,638.982,18.0
259,0.125,0.1138,0.4108,0.03,633.148,17.0
260,0.125,0.1138,0.4108,0.05,628.19,17.0
261,0.125,0.1138,0.4108,0.07,630.419,22.0
262,0.125,0.1138,0.4108,0.09,644.177,18.0
263,0.125,0.1138,0.4108,0.11,638.908,17.0
264,0.125,0.1138,0.4108,0.13,637.548,20.0
265,0.125,0.1138,0.5751,0.03,631.32,18.0
266,0.125,0.1138,0.5751,0.05,634.947,21.0
267,0.125,0.1138,0.5751,0.07,634.889,21.0
268,0.125,0.1138,0.5751,0.09,635.663,17.0
269,0.125,0.1138,0.5751,0.11,632.41,18.0
270,0.125,0.1138,0.5751,0.13,632.223,22.0
271,0.125,0.1138,0.7394,0.03,636.053,18.0
272,0.125,0.1138,0.7394,0.05,640.328,18.0
273,0.125,0.1138,0.7394,0.07,632.464,21.0
274,0.125,0.1138,0.7394,0.09,637.831,20.0
275,0.125,0.1138,0.7394,0.11,640.374,17.0
276,0.125,0.1138,0.7394,0.13,643.432,19.0
277,0.125,0.1138,0.9037,0.03,637.607,15.0
278,0.125,0.1138,0.9037,0.05,632.981,19.0
279,0.125,0.1138,0.9037,0.07,639.454,19.0
280,0.125,0.1138,0.9037,0.09,641.335,14.0
281,0.125,0.1138,0.9037,0.11,636.009,19.0
282,0.125,0.1138,0.9037,0.13,636.281,21.0
283,0.125,0.1138,1.068,0.03,643.511,17.0
284,0.125,0.1138,1.068,0.05,640.529,15.0
285,0.125,0.1138,1.068,0.07,635.3,21.0
286,0.125,0.1138,1.068,0.09,637.214,18.0
287,0.125,0.1138,1.068,0.11,635.283,21.0
288,0.125,0.1138,1.068,0.13,643.271,17.0
289,0.125,0.1593,0.2465,0.03,642.949,16.0
290,0.125,0.1593,0.2465,0.05,647.679,16.0
291,0.125,0.1593,0.2465,0.07,653.055,15.0
292,0.125,0.1593,0.2465,0.09,652.402,16.0
293,0.125,0.1593,0.2465,0.11,650.272,23.0
294,0.125,0.1593,0.2465,0.13,654.273,19.0
295,0.125,0.1593,0.4108,0.03,642.35,17.0
296,0.125,0.1593,0.4108,0.05,637.087,22.0
297,0.125,0.1593,0.4108,0.07,647.322,18.0
298,0.125,0.1593,0.4108,0.09,655.775,18.0
299,0.125,0.1593,0.4108,0.11,650.92,20.0
300,0.125,0.1593,0.4108,0.13,654.836,19.0
301,0.125,0.1593,0.5751,0.03,639.209,21.0
302,0.125,0.1593,0.5751,0.05,644.308,16.0
303,0.125,0.1593,0.5751,0.07,647.441,20.0
304,0.125,0.1593,0.5751,0.09,651.332,19.0
305,0.125,0.1593,0.5751,0.11,656.145,18.0
306,0.125,0.1593,0.5751,0.13,658.674,18.0
307,0.125,0.1593,0.7394,0.03,641.03,17.0
308,0.125,0.1593,0.7394,0.05,642.068,22.0
309,0.125,0.1593,0.7394,0.07,650.082,16.0
310,0.125,0.1593,0.7394,0.09,654.978,19.0
311,0.125,0.1593,0.7394,0.11,654.916,20.0
312,0.125,0.1593,0.7394,0.13,659.376,18.0
313,0.125,0.1593,0.9037,0.03,647.183,16.0
314,0.125,0.1593,0.9037,0.05,648.011,17.0
315,0.125,0.1593,0.9037,0.07,653.259,18.0
316,0.125,0.1593,0.9037,0.09,639.675,27.0
317,0.125,0.1593,0.9037,0.11,653.74,18.0
318,0.125,0.1593,0.9037,0.13,660.487,18.0
319,0.125,0.1593,1.068,0.03,644.184,18.0
320,0.125,0.1593,1.068,0.05,644.069,20.0
321,0.125,0.1593,1.068,0.07,649.609,13.0
322,0.125,0.1593,1.068,0.09,654.558,19.0
323,0.125,0.1593,1.068,0.11,653.755,21.0
324,0.125,0.1593,1.068,0.13,658.693,18.0
325,0.125,0.2048,0.2465,0.03,643.651,19.0
326,0.125,0.2048,0.2465,0.05,649.645,20.0
327,0.125,0.2048,0.2465,0.07,661.868,19.0
328,0.125,0.2048,0.2465,0.09,668.862,17.0
329,0.125,0.2048,0.2465,0.11,684.78,16.0
330,0.125,0.2048,0.2465,0.13,687.233,20.0
331,0.125,0.2048,0.4108,0.03,646.885,18.0
332,0.125,0.2048,0.4108,0.05,651.92,18.0
333,0.125,0.2048,0.4108,0.07,663.698,20.0
334,0.125,0.2048,0.4108,0.09,666.137,22.0
335,0.125,0.2048,0.4108,0.11,682.441,18.0
336,0.125,0.2048,0.4108,0.13,685.771,19.0
337,0.125,0.2048,0.5751,0.03,646.639,20.0
338,0.125,0.2048,0.5751,0.05,647.777,23.0
339,0.125,0.2048,0.5751,0.07,664.099,21.0
340,0.125,0.2048,0.5751,0.09,673.762,18.0
341,0.125,0.2048,0.5751,0.11,678.612,18.0
342,0.125,0.2048,0.5751,0.13,687.593,18.0
343,0.125,0.2048,0.7394,0.03,647.279,16.0
344,0.125,0.2048,0.7394,0.05,656.403,17.0
345,0.125,0.2048,0.7394,0.07,663.936,20.0
346,0.125,0.2048,0.7394,0.09,673.317,14.0
347,0.125,0.2048,0.7394,0.11,673.045,21.0
348,0.125,0.2048,0.7394,0.13,687.673,18.0
349,0.125,0.2048,0.9037,0.03,647.278,17.0
350,0.125,0.2048,0.9037,0.05,656.304,17.0
351,0.125,0.2048,0.9037,0.07,663.681,15.0
352,0.125,0.2048,0.9037,0.09,676.246,15.0
353,0.125,0.2048,0.9037,0.11,684.74,16.0
354,0.125,0.2048,0.9037,0.13,684.275,20.0
355,0.125,0.2048,1.068,0.03,642.844,21.0
356,0.125,0.2048,1.068,0.05,648.621,18.0
357,0.125,0.2048,1.068,0.07,663.652,19.0
358,0.125,0.2048,1.068,0.09,672.624,18.0
359,0.125,0.2048,1.068,0.11,681.223,19.0
360,0.125,0.2048,1.068,0.13,687.34,19.0
361,0.125,0.2503,0.2465,0.03,601.477,16.0
362,0.125,0.2503,0.2465,0.05,601.567,18.0
363,0.125,0.2503,0.2465,0.07,610.522,11.0
364,0.125,0.2503,0.2465,0.09,609.591,15.0
365,0.125,0.2503,0.2465,0.11,618.254,15.0
366,0.125,0.2503,0.2465,0.13,624.427,12.0
367,0.125,0.2503,0.4108,0.03,599.298,16.0
368,0.125,0.2503,0.4108,0.05,602.635,15.0
369,0.125,0.2503,0.4108,0.07,606.78,11.0
370,0.125,0.2503,0.4108,0.09,606.017,16.0
371,0.125,0.2503,0.4108,0.11,617.864,13.0
372,0.125,0.2503,0.4108,0.13,623.335,13.0
373,0.125,0.2503,0.5751,0.03,603.706,15.0
374,0.125,0.2503,0.5751,0.05,601.232,16.0
375,0.125,0.2503,0.5751,0.07,599.564,17.0
376,0.125,0.2503,0.5751,0.09,608.768,13.0
377,0.125,0.2503,0.5751,0.11,617.225,16.0
378,0.125,0.2503,0.5751,0.13,622.249,15.0
379,0.125,0.2503,0.7394,0.03,604.751,15.0
380,0.125,0.2503,0.7394,0.05,601.113,14.0
381,0.125,0.2503,0.7394,0.07,605.435,16.0
382,0.125,0.2503,0.7394,0.09,607.316,16.0
383,0.125,0.2503,0.7394,0.11,614.281,14.0
384,0.125,0.2503,0.7394,0.13,625.245,12.0
385,0.125,0.2503,0.9037,0.03,595.963,20.0
386,0.125,0.2503,0.9037,0.05,603.403,13.0
387,0.125,0.2503,0.9037,0.07,607.666,15.0
388,0.125,0.2503,0.9037,0.09,610.474,15.0
389,0.125,0.2503,0.9037,0.11,618.039,13.0
390,0.125,0.2503,0.9037,0.13,618.223,18.0
391,0.125,0.2503,1.068,0.03,601.915,19.0
392,0.125,0.2503,1.068,0.05,599.282,14.0
393,0.125,0.2503,1.068,0.07,607.832,11.0
394,0.125,0.2503,1.068,0.09,607.532,16.0
395,0.125,0.2503,1.068,0.11,616.474,15.0
396,0.125,0.2503,1.068,0.13,624.09,14.0
397,0.125,0.2958,0.2465,0.03,373.863,19.0
398,0.125,0.2958,0.2465,0.05,446.143,--
399,0.125,0.2958,0.2465,0.07,446.143,--
400,0.125,0.2958,0.2465,0.09,446.143,--
401,0.125,0.2958,0.2465,0.11,446.143,--
402,0.125,0.2958,0.2465,0.13,446.143,--
403,0.125,0.2958,0.4108,0.03,381.325,16.0
404,0.125,0.2958,0.4108,0.05,446.143,--
405,0.125,0.2958,0.4108,0.07,446.143,--
406,0.125,0.2958,0.4108,0.09,446.143,--
407,0.125,0.2958,0.4108,0.11,446.143,--
408,0.125,0.2958,0.4108,0.13,446.143,--
409,0.125,0.2958,0.5751,0.03,405.509,14.0
410,0.125,0.2958,0.5751,0.05,446.143,--
411,0.125,0.2958,0.5751,0.07,446.143,--
412,0.125,0.2958,0.5751,0.09,446.143,--
413,0.125,0.2958,0.5751,0.11,446.143,--
414,0.125,0.2958,0.5751,0.13,446.143,--
415,0.125,0.2958,0.7394,0.03,386.012,17.0
416,0.125,0.2958,0.7394,0.05,446.143,--
417,0.125,0.2958,0.7394,0.07,446.143,--
418,0.125,0.2958,0.7394,0.09,446.143,--
419,0.125,0.2958,0.7394,0.11,446.143,--
420,0.125,0.2958,0.7394,0.13,446.143,--
421,0.125,0.2958,0.9037,0.03,389.412,15.0
422,0.125,0.2958,0.9037,0.05,446.143,--
423,0.125,0.2958,0.9037,0.07,446.143,--
424,0.125,0.2958,0.9037,0.09,446.143,--
425,0.125,0.2958,0.9037,0.11,446.143,--
426,0.125,0.2958,0.9037,0.13,446.143,--
427,0.125,0.2958,1.068,0.03,388.361,13.0
428,0.125,0.2958,1.068,0.05,446.143,--
429,0.125,0.2958,1.068,0.07,446.143,--
430,0.125,0.2958,1.068,0.09,446.143,--
431,0.125,0.2958,1.068,0.11,446.143,--
432,0.125,0.2958,1.068,0.13,446.143,--
433,0.175,0.0683,0.2465,0.03,637.674,19.0
434,0.175,0.0683,0.2465,0.05,636.542,14.0
435,0.175,0.0683,0.2465,0.07,636.833,19.0
436,0.175,0.0683,0.2465,0.09,641.156,16.0
437,0.175,0.0683,0.2465,0.11,638.998,19.0
438,0.175,0.0683,0.2465,0.13,637.47,16.0
439,0.175,0.0683,0.4108,0.03,641.93,16.0
440,0.175,0.0683,0.4108,0.05,638.01,21.0
441,0.175,0.0683,0.4108,0.07,636.612,17.0
442,0.175,0.0683,0.4108,0.09,637.536,19.0
443,0.175,0.0683,0.4108,0.11,644.871,17.0
444,0.175,0.0683,0.4108,0.13,638.465,17.0
445,0.175,0.0683,0.5751,0.03,639.668,18.0
446,0.175,0.0683,0.5751,0.05,647.597,15.0
447,0.175,0.0683,0.5751,0.07,638.466,22.0
448,0.175,0.0683,0.5751,0.09,641.927,18.0
449,0.175,0.0683,0.5751,0.11,637.601,18.0
450,0.175,0.0683,0.5751,0.13,638.29,18.0
451,0.175,0.0683,0.7394,0.03,639.999,18.0
452,0.175,0.0683,0.7394,0.05,646.165,18.0
453,0.175,0.0683,0.7394,0.07,640.575,20.0
454,0.175,0.0683,0.7394,0.09,641.266,18.0
455,0.175,0.0683,0.7394,0.11,646.418,18.0
456,0.175,0.0683,0.7394,0.13,642.551,21.0
457,0.175,0.0683,0.9037,0.03,643.326,21.0
458,0.175,0.0683,0.9037,0.05,643.991,16.0
459,0.175,0.0683,0.9037,0.07,649.545,16.0
460,0.175,0.0683,0.9037,0.09,646.362,16.0
461,0.175,0.0683,0.9037,0.11,639.804,19.0
462,0.175,0.0683,0.9037,0.13,644.91,20.0
463,0.175,0.0683,1.068,0.03,643.542,18.0
464,0.175,0.0683,1.068,0.05,645.349,17.0
465,0.175,0.0683,1.068,0.07,648.285,18.0
466,0.175,0.0683,1.068,0.09,641.173,20.0
467,0.175,0.0683,1.068,0.11,641.97,20.0
468,0.175,0.0683,1.068,0.13,646.766,17.0
469,0.175,0.1138,0.2465,0.03,636.217,20.0
470,0.175,0.1138,0.2465,0.05,638.979,17.0
471,0.175,0.1138,0.2465,0.07,638.162,18.0
472,0.175,0.1138,0.2465,0.09,641.348,17.0
473,0.175,0.1138,0.2465,0.11,642.773,19.0
474,0.175,0.1138,0.2465,0.13,640.864,21.0
475,0.175,0.1138,0.4108,0.03,637.915,22.0
476,0.175,0.1138,0.4108,0.05,643.753,16.0
477,0.175,0.1138,0.4108,0.07,640.627,17.0
478,0.175,0.1138,0.4108,0.09,645.057,15.0
479,0.175,0.1138,0.4108,0.11,639.419,19.0
480,0.175,0.1138,0.4108,0.13,641.693,17.0
481,0.175,0.1138,0.5751,0.03,644.208,16.0
482,0.175,0.1138,0.5751,0.05,641.854,20.0
483,0.175,0.1138,0.5751,0.07,643.618,16.0
484,0.175,0.1138,0.5751,0.09,646.556,15.0
485,0.175,0.1138,0.5751,0.11,646.724,17.0
486,0.175,0.1138,0.5751,0.13,646.813,15.0
487,0.175,0.1138,0.7394,0.03,643.023,18.0
488,0.175,0.1138,0.7394,0.05,645.046,20.0
489,0.175,0.1138,0.7394,0.07,647.65,19.0
490,0.175,0.1138,0.7394,0.09,645.7,16.0
491,0.175,0.1138,0.7394,0.11,643.205,19.0
492,0.175,0.1138,0.7394,0.13,647.315,19.0
493,0.175,0.1138,0.9037,0.03,649.659,21.0
494,0.175,0.1138,0.9037,0.05,645.233,21.0
495,0.175,0.1138,0.9037,0.07,648.916,12.0
496,0.175,0.1138,0.9037,0.09,650.837,14.0
497,0.175,0.1138,0.9037,0.11,650.089,14.0
498,0.175,0.1138,0.9037,0.13,648.692,17.0
499,0.175,0.1138,1.068,0.03,642.358,18.0
500,0.175,0.1138,1.068,0.05,650.702,17.0
501,0.175,0.1138,1.068,0.07,649.892,20.0
502,0.175,0.1138,1.068,0.09,645.1,16.0
503,0.175,0.1138,1.068,0.11,647.471,21.0
504,0.175,0.1138,1.068,0.13,646.709,23.0
505,0.175,0.1593,0.2465,0.03,641.221,19.0
506,0.175,0.1593,0.2465,0.05,650.292,17.0
507,0.175,0.1593,0.2465,0.07,644.927,19.0
508,0.175,0.1593,0.2465,0.09,649.082,17.0
509,0.175,0.1593,0.2465,0.11,655.013,19.0
510,0.175,0.1593,0.2465,0.13,661.676,20.0
511,0.175,0.1593,0.4108,0.03,645.163,16.0
512,0.175,0.1593,0.4108,0.05,648.57,19.0
513,0.175,0.1593,0.4108,0.07,647.353,19.0
514,0.175,0.1593,0.4108,0.09,648.35,22.0
515,0.175,0.1593,0.4108,0.11,661.789,16.0
516,0.175,0.1593,0.4108,0.13,664.777,17.0
517,0.175,0.1593,0.5751,0.03,645.864,19.0
518,0.175,0.1593,0.5751,0.05,652.591,17.0
519,0.175,0.1593,0.5751,0.07,650.228,19.0
520,0.175,0.1593,0.5751,0.09,659.339,21.0
521,0.175,0.1593,0.5751,0.11,664.317,18.0
522,0.175,0.1593,0.5751,0.13,664.949,20.0
523,0.175,0.1593,0.7394,0.03,645.911,19.0
524,0.175,0.1593,0.7394,0.05,655.986,17.0
525,0.175,0.1593,0.7394,0.07,653.36,18.0
526,0.175,0.1593,0.7394,0.09,654.639,21.0
527,0.175,0.1593,0.7394,0.11,655.754,24.0
528,0.175,0.1593,0.7394,0.13,662.116,19.0
529,0.175,0.1593,0.9037,0.03,648.547,22.0
530,0.175,0.1593,0.9037,0.05,653.207,19.0
531,0.175,0.1593,0.9037,0.07,653.467,20.0
532,0.175,0.1593,0.9037,0.09,659.662,23.0
533,0.175,0.1593,0.9037,0.11,660.207,21.0
534,0.175,0.1593,0.9037,0.13,667.47,21.0
535,0.175,0.1593,1.068,0.03,651.561,17.0
536,0.175,0.1593,1.068,0.05,652.261,18.0
537,0.175,0.1593,1.068,0.07,653.739,24.0
538,0.175,0.1593,1.068,0.09,659.899,20.0
539,0.175,0.1593,1.068,0.11,658.335,24.0
540,0.175,0.1593,1.068,0.13,666.596,23.0
541,0.175,0.2048,0.2465,0.03,645.374,17.0
542,0.175,0.2048,0.2465,0.05,660.392,15.0
543,0.175,0.2048,0.2465,0.07,660.307,23.0
544,0.175,0.2048,0.2465,0.09,672.929,19.0
545,0.175,0.2048,0.2465,0.11,683.531,16.0
546,0.175,0.2048,0.2465,0.13,686.39,21.0
547,0.175,0.2048,0.4108,0.03,649.287,18.0
548,0.175,0.2048,0.4108,0.05,655.316,20.0
549,0.175,0.2048,0.4108,0.07,665.648,18.0
550,0.175,0.2048,0.4108,0.09,674.106,18.0
551,0.175,0.2048,0.4108,0.11,676.419,25.0
552,0.175,0.2048,0.4108,0.13,688.113,22.0
553,0.175,0.2048,0.5751,0.03,648.148,17.0
554,0.175,0.2048,0.5751,0.05,656.071,21.0
555,0.175,0.2048,0.5751,0.07,670.344,21.0
556,0.175,0.2048,0.5751,0.09,678.617,15.0
557,0.175,0.2048,0.5751,0.11,682.671,18.0
558,0.175,0.2048,0.5751,0.13,696.951,16.0
559,0.175,0.2048,0.7394,0.03,656.391,18.0
560,0.175,0.2048,0.7394,0.05,663.298,17.0
561,0.175,0.2048,0.7394,0.07,669.099,22.0
562,0.175,0.2048,0.7394,0.09,676.783,19.0
563,0.175,0.2048,0.7394,0.11,679.38,22.0
564,0.175,0.2048,0.7394,0.13,694.588,18.0
565,0.175,0.2048,0.9037,0.03,656.563,17.0
566,0.175,0.2048,0.9037,0.05,663.062,17.0
567,0.175,0.2048,0.9037,0.07,672.159,18.0
568,0.175,0.2048,0.9037,0.09,681.129,19.0
569,0.175,0.2048,0.9037,0.11,689.551,16.0
570,0.175,0.2048,0.9037,0.13,689.888,22.0
571,0.175,0.2048,1.068,0.03,658.184,19.0
572,0.175,0.2048,1.068,0.05,667.195,17.0
573,0.175,0.2048,1.068,0.07,674.642,18.0
574,0.175,0.2048,1.068,0.09,681.549,20.0
575,0.175,0.2048,1.068,0.11,689.299,20.0
576,0.175,0.2048,1.068,0.13,697.583,17.0
577,0.175,0.2503,0.2465,0.03,602.984,17.0
578,0.175,0.2503,0.2465,0.05,606.119,11.0
579,0.175,0.2503,0.2465,0.07,604.964,16.0
580,0.175,0.2503,0.2465,0.09,612.583,16.0
581,0.175,0.2503,0.2465,0.11,617.758,15.0
582,0.175,0.2503,0.2465,0.13,626.535,15.0
583,0.175,0.2503,0.4108,0.03,609.758,12.0
584,0.175,0.2503,0.4108,0.05,607.692,13.0
585,0.175,0.2503,0.4108,0.07,608.832,18.0
586,0.175,0.2503,0.4108,0.09,612.023,13.0
587,0.175,0.2503,0.4108,0.11,622.175,14.0
588,0.175,0.2503,0.4108,0.13,624.019,13.0
589,0.175,0.2503,0.5751,0.03,607.033,14.0
590,0.175,0.2503,0.5751,0.05,608.408,11.0
591,0.175,0.2503,0.5751,0.07,611.235,16.0
592,0.175,0.2503,0.5751,0.09,614.759,12.0
593,0.175,0.2503,0.5751,0.11,623.113,10.0
594,0.175,0.2503,0.5751,0.13,627.467,15.0
595,0.175,0.2503,0.7394,0.03,610.846,15.0
596,0.175,0.2503,0.7394,0.05,607.091,15.0
597,0.175,0.2503,0.7394,0.07,605.942,13.0
598,0.175,0.2503,0.7394,0.09,616.686,14.0
599,0.175,0.2503,0.7394,0.11,621.478,16.0
600,0.175,0.2503,0.7394,0.13,630.107,14.0
601,0.175,0.2503,0.9037,0.03,608.545,15.0
602,0.175,0.2503,0.9037,0.05,606.486,15.0
603,0.175,0.2503,0.9037,0.07,611.04,16.0
604,0.175,0.2503,0.9037,0.09,615.322,13.0
605,0.175,0.2503,0.9037,0.11,623.164,18.0
606,0.175,0.2503,0.9037,0.13,630.207,13.0
607,0.175,0.2503,1.068,0.03,611.997,17.0
608,0.175,0.2503,1.068,0.05,610.785,15.0
609,0.175,0.2503,1.068,0.07,613.762,15.0
610,0.175,0.2503,1.068,0.09,619.781,13.0
611,0.175,0.2503,1.068,0.11,625.932,14.0
612,0.175,0.2503,1.068,0.13,626.248,18.0
613,0.175,0.2958,0.2465,0.03,351.961,24.0
614,0.175,0.2958,0.2465,0.05,446.143,--
615,0.175,0.2958,0.2465,0.07,446.143,--
616,0.175,0.2958,0.2465,0.09,446.143,--
617,0.175,0.2958,0.2465,0.11,446.143,--
618,0.175,0.2958,0.2465,0.13,446.143,--
619,0.175,0.2958,0.4108,0.03,391.381,14.0
620,0.175,0.2958,0.4108,0.05,446.143,--
621,0.175,0.2958,0.4108,0.07,446.143,--
622,0.175,0.2958,0.4108,0.09,446.143,--
623,0.175,0.2958,0.4108,0.11,446.143,--
624,0.175,0.2958,0.4108,0.13,446.143,--
625,0.175,0.2958,0.5751,0.03,397.604,13.0
626,0.175,0.2958,0.5751,0.05,446.143,--
627,0.175,0.2958,0.5751,0.07,446.143,--
628,0.175,0.2958,0.5751,0.09,446.143,--
629,0.175,0.2958,0.5751,0.11,446.143,--
630,0.175,0.2958,0.5751,0.13,446.143,--
631,0.175,0.2958,0.7394,0.03,381.581,11.0
632,0.175,0.2958,0.7394,0.05,446.143,--
633,0.175,0.2958,0.7394,0.07,446.143,--
634,0.175,0.2958,0.7394,0.09,446.143,--
635,0.175,0.2958,0.7394,0.11,446.143,--
636,0.175,0.2958,0.7394,0.13,446.143,--
637,0.175,0.2958,0.9037,0.03,366.649,19.0
638,0.175,0.2958,0.9037,0.05,446.143,--
639,0.175,0.2958,0.9037,0.07,446.143,--
640,0.175,0.2958,0.9037,0.09,446.143,--
641,0.175,0.2958,0.9037,0.11,446.143,--
642,0.175,0.2958,0.9037,0.13,446.143,--
643,0.175,0.2958,1.068,0.03,434.035,15.0
644,0.175,0.2958,1.068,0.05,446.143,--
645,0.175,0.2958,1.068,0.07,446.143,--
646,0.175,0.2958,1.068,0.09,446.143,--
647,0.175,0.2958,1.068,0.11,446.143,--
648,0.175,0.2958,1.068,0.13,446.143,--
649,0.225,0.0683,0.2465,0.03,648.975,14.0
650,0.225,0.0683,0.2465,0.05,644.273,17.0
651,0.225,0.0683,0.2465,0.07,647.897,17.0
652,0.225,0.0683,0.2465,0.09,644.426,12.0
653,0.225,0.0683,0.2465,0.11,643.13,20.0
654,0.225,0.0683,0.2465,0.13,649.792,17.0
655,0.225,0.0683,0.4108,0.03,656.014,17.0
656,0.225,0.0683,0.4108,0.05,652.859,18.0
657,0.225,0.0683,0.4108,0.07,652.671,20.0
658,0.225,0.0683,0.4108,0.09,659.13,15.0
659,0.225,0.0683,0.4108,0.11,653.728,20.0
660,0.225,0.0683,0.4108,0.13,660.931,16.0
661,0.225,0.0683,0.5751,0.03,657.941,20.0
662,0.225,0.0683,0.5751,0.05,659.909,21.0
663,0.225,0.0683,0.5751,0.07,659.081,21.0
664,0.225,0.0683,0.5751,0.09,663.199,17.0
665,0.225,0.0683,0.5751,0.11,659.104,19.0
666,0.225,0.0683,0.5751,0.13,664.335,19.0
667,0.225,0.0683,0.7394,0.03,667.99,23.0
668,0.225,0.0683,0.7394,0.05,664.109,21.0
669,0.225,0.0683,0.7394,0.07,672.127,15.0
670,0.225,0.0683,0.7394,0.09,667.749,21.0
671,0.225,0.0683,0.7394,0.11,668.898,19.0
672,0.225,0.0683,0.7394,0.13,669.006,21.0
673,0.225,0.0683,0.9037,0.03,672.623,20.0
674,0.225,0.0683,0.9037,0.05,680.345,17.0
675,0.225,0.0683,0.9037,0.07,672.246,23.0
676,0.225,0.0683,0.9037,0.09,674.407,19.0
677,0.225,0.0683,0.9037,0.11,673.629,21.0
678,0.225,0.0683,0.9037,0.13,674.804,18.0
679,0.225,0.0683,1.068,0.03,681.801,18.0
680,0.225,0.0683,1.068,0.05,682.931,19.0
681,0.225,0.0683,1.068,0.07,685.739,16.0
682,0.225,0.0683,1.068,0.09,685.142,19.0
683,0.225,0.0683,1.068,0.11,683.058,18.0
684,0.225,0.0683,1.068,0.13,684.667,19.0
685,0.225,0.1138,0.2465,0.03,651.585,16.0
686,0.225,0.1138,0.2465,0.05,646.417,18.0
687,0.225,0.1138,0.2465,0.07,649.803,16.0
688,0.225,0.1138,0.2465,0.09,653.254,17.0
689,0.225,0.1138,0.2465,0.11,644.038,24.0
690,0.225,0.1138,0.2465,0.13,652.933,15.0
691,0.225,0.1138,0.4108,0.03,651.836,20.0
692,0.225,0.1138,0.4108,0.05,653.23,19.0
693,0.225,0.1138,0.4108,0.07,656.307,19.0
694,0.225,0.1138,0.4108,0.09,654.957,16.0
695,0.225,0.1138,0.4108,0.11,656.944,18.0
696,0.225,0.1138,0.4108,0.13,658.7,19.0
697,0.225,0.1138,0.5751,0.03,662.443,19.0
698,0.225,0.1138,0.5751,0.05,666.681,16.0
699,0.225,0.1138,0.5751,0.07,667.014,18.0
700,0.225,0.1138,0.5751,0.09,663.396,20.0
701,0.225,0.1138,0.5751,0.11,665.663,20.0
702,0.225,0.1138,0.5751,0.13,671.632,19.0
703,0.225,0.1138,0.7394,0.03,667.388,21.0
704,0.225,0.1138,0.7394,0.05,675.246,17.0
705,0.225,0.1138,0.7394,0.07,666.715,22.0
706,0.225,0.1138,0.7394,0.09,672.577,17.0
707,0.225,0.1138,0.7394,0.11,672.5,19.0
708,0.225,0.1138,0.7394,0.13,670.263,19.0
709,0.225,0.1138,0.9037,0.03,674.79,22.0
710,0.225,0.1138,0.9037,0.05,683.032,17.0
711,0.225,0.1138,0.9037,0.07,679.093,22.0
712,0.225,0.1138,0.9037,0.09,682.547,17.0
713,0.225,0.1138,0.9037,0.11,673.393,23.0
714,0.225,0.1138,0.9037,0.13,683.053,17.0
715,0.225,0.1138,1.068,0.03,679.974,25.0
716,0.225,0.1138,1.068,0.05,686.387,16.0
717,0.225,0.1138,1.068,0.07,685.218,19.0
718,0.225,0.1138,1.068,0.09,684.84,20.0
719,0.225,0.1138,1.068,0.11,691.293,19.0
720,0.225,0.1138,1.068,0.13,685.113,22.0
721,0.225,0.1593,0.2465,0.03,651.894,18.0
722,0.225,0.1593,0.2465,0.05,652.889,20.0
723,0.225,0.1593,0.2465,0.07,657.823,17.0
724,0.225,0.1593,0.2465,0.09,663.641,19.0
725,0.225,0.1593,0.2465,0.11,666.545,18.0
726,0.225,0.1593,0.2465,0.13,666.541,22.0
727,0.225,0.1593,0.4108,0.03,660.196,18.0
728,0.225,0.1593,0.4108,0.05,661.566,20.0
729,0.225,0.1593,0.4108,0.07,663.938,21.0
730,0.225,0.1593,0.4108,0.09,673.548,21.0
731,0.225,0.1593,0.4108,0.11,674.143,19.0
732,0.225,0.1593,0.4108,0.13,673.165,18.0
733,0.225,0.1593,0.5751,0.03,660.457,22.0
734,0.225,0.1593,0.5751,0.05,672.726,18.0
735,0.225,0.1593,0.5751,0.07,676.81,18.0
736,0.225,0.1593,0.5751,0.09,675.839,18.0
737,0.225,0.1593,0.5751,0.11,681.414,17.0
738,0.225,0.1593,0.5751,0.13,681.541,19.0
739,0.225,0.1593,0.7394,0.03,666.702,23.0
740,0.225,0.1593,0.7394,0.05,676.4,25.0
741,0.225,0.1593,0.7394,0.07,680.171,18.0
742,0.225,0.1593,0.7394,0.09,688.958,16.0
743,0.225,0.1593,0.7394,0.11,687.774,22.0
744,0.225,0.1593,0.7394,0.13,686.357,19.0
745,0.225,0.1593,0.9037,0.03,682.668,18.0
746,0.225,0.1593,0.9037,0.05,677.508,21.0
747,0.225,0.1593,0.9037,0.07,685.388,20.0
748,0.225,0.1593,0.9037,0.09,692.879,20.0
749,0.225,0.1593,0.9037,0.11,694.848,19.0
750,0.225,0.1593,0.9037,0.13,696.942,18.0
751,0.225,0.1593,1.068,0.03,689.428,20.0
752,0.225,0.1593,1.068,0.05,688.213,24.0
753,0.225,0.1593,1.068,0.07,697.424,19.0
754,0.225,0.1593,1.068,0.09,698.725,19.0
755,0.225,0.1593,1.068,0.11,695.094,21.0
756,0.225,0.1593,1.068,0.13,703.444,21.0
757,0.225,0.2048,0.2465,0.03,660.56,18.0
758,0.225,0.2048,0.2465,0.05,663.317,21.0
759,0.225,0.2048,0.2465,0.07,674.011,15.0
760,0.225,0.2048,0.2465,0.09,678.182,19.0
761,0.225,0.2048,0.2465,0.11,690.873,17.0
762,0.225,0.2048,0.2465,0.13,697.651,21.0
763,0.225,0.2048,0.4108,0.03,660.593,18.0
764,0.225,0.2048,0.4108,0.05,674.011,20.0
765,0.225,0.2048,0.4108,0.07,678.878,21.0
766,0.225,0.2048,0.4108,0.09,685.528,19.0
767,0.225,0.2048,0.4108,0.11,690.401,24.0
768,0.225,0.2048,0.4108,0.13,702.772,18.0
769,0.225,0.2048,0.5751,0.03,668.882,21.0
770,0.225,0.2048,0.5751,0.05,679.335,16.0
771,0.225,0.2048,0.5751,0.07,688.208,18.0
772,0.225,0.2048,0.5751,0.09,696.543,16.0
773,0.225,0.2048,0.5751,0.11,702.525,20.0
774,0.225,0.2048,0.5751,0.13,705.906,19.0
775,0.225,0.2048,0.7394,0.03,675.987,20.0
776,0.225,0.2048,0.7394,0.05,686.228,20.0
777,0.225,0.2048,0.7394,0.07,692.548,18.0
778,0.225,0.2048,0.7394,0.09,698.6,20.0
779,0.225,0.2048,0.7394,0.11,709.652,19.0
780,0.225,0.2048,0.7394,0.13,716.985,18.0
781,0.225,0.2048,0.9037,0.03,680.686,25.0
782,0.225,0.2048,0.9037,0.05,696.277,18.0
783,0.225,0.2048,0.9037,0.07,696.826,18.0
784,0.225,0.2048,0.9037,0.09,705.516,19.0
785,0.225,0.2048,0.9037,0.11,712.542,19.0
786,0.225,0.2048,0.9037,0.13,718.364,20.0
787,0.225,0.2048,1.068,0.03,690.922,20.0
788,0.225,0.2048,1.068,0.05,697.038,19.0
789,0.225,0.2048,1.068,0.07,706.609,19.0
790,0.225,0.2048,1.068,0.09,713.379,21.0
791,0.225,0.2048,1.068,0.11,721.832,17.0
792,0.225,0.2048,1.068,0.13,726.55,18.0
793,0.225,0.2503,0.2465,0.03,608.049,17.0
794,0.225,0.2503,0.2465,0.05,610.992,15.0
795,0.225,0.2503,0.2465,0.07,614.531,14.0
796,0.225,0.2503,0.2465,0.09,622.194,13.0
797,0.225,0.2503,0.2465,0.11,624.379,14.0
798,0.225,0.2503,0.2465,0.13,627.536,12.0
799,0.225,0.2503,0.4108,0.03,620.906,17.0
800,0.225,0.2503,0.4108,0.05,612.809,17.0
801,0.225,0.2503,0.4108,0.07,621.169,14.0
802,0.225,0.2503,0.4108,0.09,624.486,14.0
803,0.225,0.2503,0.4108,0.11,629.689,13.0
804,0.225,0.2503,0.4108,0.13,634.741,12.0
805,0.225,0.2503,0.5751,0.03,634.577,12.0
806,0.225,0.2503,0.5751,0.05,623.456,15.0
807,0.225,0.2503,0.5751,0.07,627.399,12.0
808,0.225,0.2503,0.5751,0.09,633.014,10.0
809,0.225,0.2503,0.5751,0.11,630.015,19.0
810,0.225,0.2503,0.5751,0.13,634.802,20.0
811,0.225,0.2503,0.7394,0.03,634.303,17.0
812,0.225,0.2503,0.7394,0.05,630.169,12.0
813,0.225,0.2503,0.7394,0.07,632.442,14.0
814,0.225,0.2503,0.7394,0.09,637.098,11.0
815,0.225,0.2503,0.7394,0.11,642.018,16.0
816,0.225,0.2503,0.7394,0.13,643.765,13.0
817,0.225,0.2503,0.9037,0.03,642.048,16.0
818,0.225,0.2503,0.9037,0.05,634.375,16.0
819,0.225,0.2503,0.9037,0.07,637.906,13.0
820,0.225,0.2503,0.9037,0.09,637.189,16.0
821,0.225,0.2503,0.9037,0.11,643.713,17.0
822,0.225,0.2503,0.9037,0.13,648.062,15.0
823,0.225,0.2503,1.068,0.03,650.499,17.0
824,0.225,0.2503,1.068,0.05,641.534,17.0
825,0.225,0.2503,1.068,0.07,644.26,15.0
826,0.225,0.2503,1.068,0.09,646.777,14.0
827,0.225,0.2503,1.068,0.11,649.973,13.0
828,0.225,0.2503,1.068,0.13,651.605,14.0
829,0.225,0.2958,0.2465,0.03,421.351,14.0
830,0.225,0.2958,0.2465,0.05,446.143,--
831,0.225,0.2958,0.2465,0.07,446.143,--
832,0.225,0.2958,0.2465,0.09,446.143,--
833,0.225,0.2958,0.2465,0.11,446.143,--
834,0.225,0.2958,0.2465,0.13,446.143,--
835,0.225,0.2958,0.4108,0.03,424.027,17.0
836,0.225,0.2958,0.4108,0.05,446.143,--
837,0.225,0.2958,0.4108,0.07,446.143,--
838,0.225,0.2958,0.4108,0.09,446.143,--
839,0.225,0.2958,0.4108,0.11,446.143,--
840,0.225,0.2958,0.4108,0.13,446.143,--
841,0.225,0.2958,0.5751,0.03,430.944,12.0
842,0.225,0.2958,0.5751,0.05,446.143,--
843,0.225,0.2958,0.5751,0.07,446.143,--
844,0.225,0.2958,0.5751,0.09,446.143,--
845,0.225,0.2958,0.5751,0.11,446.143,--
846,0.225,0.2958,0.5751,0.13,446.143,--
847,0.225,0.2958,0.7394,0.03,432.485,22.0
848,0.225,0.2958,0.7394,0.05,446.143,--
849,0.225,0.2958,0.7394,0.07,446.143,--
850,0.225,0.2958,0.7394,0.09,446.143,--
851,0.225,0.2958,0.7394,0.11,446.143,--
852,0.225,0.2958,0.7394,0.13,446.143,--
853,0.225,0.2958,0.9037,0.03,458.887,12.0
854,0.225,0.2958,0.9037,0.05,446.143,--
855,0.225,0.2958,0.9037,0.07,446.143,--
856,0.225,0.2958,0.9037,0.09,446.143,--
857,0.225,0.2958,0.9037,0.11,446.143,--
858,0.225,0.2958,0.9037,0.13,446.143,--
859,0.225,0.2958,1.068,0.03,461.037,13.0
860,0.225,0.2958,1.068,0.05,446.143,--
861,0.225,0.2958,1.068,0.07,446.143,--
862,0.225,0.2958,1.068,0.09,446.143,--
863,0.225,0.2958,1.068,0.11,446.143,--
864,0.225,0.2958,1.068,0.13,446.143,--
865,0.275,0.0683,0.2465,0.03,674.999,18.0
866,0.275,0.0683,0.2465,0.05,668.757,24.0
867,0.275,0.0683,0.2465,0.07,668.695,20.0
868,0.275,0.0683,0.2465,0.09,668.599,19.0
869,0.275,0.0683,0.2465,0.11,671.345,17.0
870,0.275,0.0683,0.2465,0.13,671.804,19.0
871,0.275,0.0683,0.4108,0.03,698.639,15.0
872,0.275,0.0683,0.4108,0.05,686.836,22.0
873,0.275,0.0683,0.4108,0.07,691.902,19.0
874,0.275,0.0683,0.4108,0.09,695.667,19.0
875,0.275,0.0683,0.4108,0.11,689.399,22.0
876,0.275,0.0683,0.4108,0.13,690.328,21.0
877,0.275,0.0683,0.5751,0.03,710.132,19.0
878,0.275,0.0683,0.5751,0.05,712.929,22.0
879,0.275,0.0683,0.5751,0.07,716.455,17.0
880,0.275,0.0683,0.5751,0.09,711.399,22.0
881,0.275,0.0683,0.5751,0.11,714.327,20.0
882,0.275,0.0683,0.5751,0.13,712.098,20.0
883,0.275,0.0683,0.7394,0.03,736.063,19.0
884,0.275,0.0683,0.7394,0.05,734.391,21.0
885,0.275,0.0683,0.7394,0.07,725.294,28.0
886,0.275,0.0683,0.7394,0.09,734.941,19.0
887,0.275,0.0683,0.7394,0.11,730.985,22.0
888,0.275,0.0683,0.7394,0.13,730.95,19.0
889,0.275,0.0683,0.9037,0.03,751.543,20.0
890,0.275,0.0683,0.9037,0.05,749.92,23.0
891,0.275,0.0683,0.9037,0.07,750.981,21.0
892,0.275,0.0683,0.9037,0.09,752.882,19.0
893,0.275,0.0683,0.9037,0.11,747.08,24.0
894,0.275,0.0683,0.9037,0.13,748.884,23.0
895,0.275,0.0683,1.068,0.03,765.772,20.0
896,0.275,0.0683,1.068,0.05,764.429,24.0
897,0.275,0.0683,1.068,0.07,767.17,20.0
898,0.275,0.0683,1.068,0.09,768.748,21.0
899,0.275,0.0683,1.068,0.11,765.916,21.0
900,0.275,0.0683,1.068,0.13,768.476,21.0
901,0.275,0.1138,0.2465,0.03,677.391,16.0
902,0.275,0.1138,0.2465,0.05,672.901,21.0
903,0.275,0.1138,0.2465,0.07,676.129,18.0
904,0.275,0.1138,0.2465,0.09,673.334,24.0
905,0.275,0.1138,0.2465,0.11,675.208,18.0
906,0.275,0.1138,0.2465,0.13,669.472,21.0
907,0.275,0.1138,0.4108,0.03,696.523,15.0
908,0.275,0.1138,0.4108,0.05,696.538,20.0
909,0.275,0.1138,0.4108,0.07,692.826,18.0
910,0.275,0.1138,0.4108,0.09,691.578,25.0
911,0.275,0.1138,0.4108,0.11,694.234,19.0
912,0.275,0.1138,0.4108,0.13,696.912,19.0
913,0.275,0.1138,0.5751,0.03,713.669,22.0
914,0.275,0.1138,0.5751,0.05,709.934,21.0
915,0.275,0.1138,0.5751,0.07,717.318,15.0
916,0.275,0.1138,0.5751,0.09,720.523,14.0
917,0.275,0.1138,0.5751,0.11,715.151,20.0
918,0.275,0.1138,0.5751,0.13,720.94,16.0
919,0.275,0.1138,0.7394,0.03,731.813,19.0
920,0.275,0.1138,0.7394,0.05,732.815,20.0
921,0.275,0.1138,0.7394,0.07,732.722,22.0
922,0.275,0.1138,0.7394,0.09,736.752,18.0
923,0.275,0.1138,0.7394,0.11,736.749,18.0
924,0.275,0.1138,0.7394,0.13,732.068,22.0
925,0.275,0.1138,0.9037,0.03,753.315,21.0
926,0.275,0.1138,0.9037,0.05,745.961,26.0
927,0.275,0.1138,0.9037,0.07,752.14,18.0
928,0.275,0.1138,0.9037,0.09,752.01,22.0
929,0.275,0.1138,0.9037,0.11,747.435,26.0
930,0.275,0.1138,0.9037,0.13,753.726,19.0
931,0.275,0.1138,1.068,0.03,767.249,21.0
932,0.275,0.1138,1.068,0.05,770.268,19.0
933,0.275,0.1138,1.068,0.07,763.445,24.0
934,0.275,0.1138,1.068,0.09,769.073,22.0
935,0.275,0.1138,1.068,0.11,771.562,18.0
936,0.275,0.1138,1.068,0.13,767.017,22.0
937,0.275,0.1593,0.2465,0.03,677.546,20.0
938,0.275,0.1593,0.2465,0.05,676.52,19.0
939,0.275,0.1593,0.2465,0.07,680.025,24.0
940,0.275,0.1593,0.2465,0.09,683.512,20.0
941,0.275,0.1593,0.2465,0.11,689.868,19.0
942,0.275,0.1593,0.2465,0.13,692.412,21.0
943,0.275,0.1593,0.4108,0.03,698.519,20.0
944,0.275,0.1593,0.4108,0.05,706.011,17.0
945,0.275,0.1593,0.4108,0.07,702.43,20.0
946,0.275,0.1593,0.4108,0.09,703.026,22.0
947,0.275,0.1593,0.4108,0.11,708.27,21.0
948,0.275,0.1593,0.4108,0.13,713.239,19.0
949,0.275,0.1593,0.5751,0.03,717.509,21.0
950,0.275,0.1593,0.5751,0.05,720.511,21.0
951,0.275,0.1593,0.5751,0.07,724.13,20.0
952,0.275,0.1593,0.5751,0.09,728.922,22.0
953,0.275,0.1593,0.5751,0.11,724.169,23.0
954,0.275,0.1593,0.5751,0.13,733.264,19.0
955,0.275,0.1593,0.7394,0.03,734.138,22.0
956,0.275,0.1593,0.7394,0.05,742.576,19.0
957,0.275,0.1593,0.7394,0.07,736.659,25.0
958,0.275,0.1593,0.7394,0.09,741.26,23.0
959,0.275,0.1593,0.7394,0.11,745.887,21.0
960,0.275,0.1593,0.7394,0.13,752.234,19.0
961,0.275,0.1593,0.9037,0.03,751.897,22.0
962,0.275,0.1593,0.9037,0.05,756.018,23.0
963,0.275,0.1593,0.9037,0.07,755.003,22.0
964,0.275,0.1593,0.9037,0.09,761.121,20.0
965,0.275,0.1593,0.9037,0.11,764.496,20.0
966,0.275,0.1593,0.9037,0.13,769.401,18.0
967,0.275,0.1593,1.068,0.03,773.891,18.0
968,0.275,0.1593,1.068,0.05,776.049,18.0
969,0.275,0.1593,1.068,0.07,775.818,21.0
970,0.275,0.1593,1.068,0.09,778.213,22.0
971,0.275,0.1593,1.068,0.11,779.471,21.0
972,0.275,0.1593,1.068,0.13,782.248,21.0
973,0.275,0.2048,0.2465,0.03,683.62,15.0
974,0.275,0.2048,0.2465,0.05,686.598,20.0
975,0.275,0.2048,0.2465,0.07,693.504,21.0
976,0.275,0.2048,0.2465,0.09,700.82,21.0
977,0.275,0.2048,0.2465,0.11,710.314,16.0
978,0.275,0.2048,0.2465,0.13,717.063,17.0
979,0.275,0.2048,0.4108,0.03,697.936,23.0
980,0.275,0.2048,0.4108,0.05,710.37,18.0
981,0.275,0.2048,0.4108,0.07,708.68,22.0
982,0.275,0.2048,0.4108,0.09,721.179,20.0
983,0.275,0.2048,0.4108,0.11,728.277,17.0
984,0.275,0.2048,0.4108,0.13,735.547,17.0
985,0.275,0.2048,0.5751,0.03,719.603,22.0
986,0.275,0.2048,0.5751,0.05,726.76,20.0
987,0.275,0.2048,0.5751,0.07,731.193,22.0
988,0.275,0.2048,0.5751,0.09,735.092,22.0
989,0.275,0.2048,0.5751,0.11,746.052,19.0
990,0.275,0.2048,0.5751,0.13,750.429,17.0
991,0.275,0.2048,0.7394,0.03,738.744,21.0
992,0.275,0.2048,0.7394,0.05,745.284,16.0
993,0.275,0.2048,0.7394,0.07,748.898,18.0
994,0.275,0.2048,0.7394,0.09,756.779,18.0
995,0.275,0.2048,0.7394,0.11,762.087,17.0
996,0.275,0.2048,0.7394,0.13,761.956,23.0
997,0.275,0.2048,0.9037,0.03,754.196,22.0
998,0.275,0.2048,0.9037,0.05,761.021,20.0
999,0.275,0.2048,0.9037,0.07,769.221,16.0
1000,0.275,0.2048,0.9037,0.09,768.72,21.0
1001,0.275,0.2048,0.9037,0.11,774.903,19.0
1002,0.275,0.2048,0.9037,0.13,780.938,19.0
1003,0.275,0.2048,1.068,0.03,774.169,18.0
1004,0.275,0.2048,1.068,0.05,778.3,17.0
1005,0.275,0.2048,1.068,0.07,781.371,20.0
1006,0.275,0.2048,1.068,0.09,782.037,22.0
1007,0.275,0.2048,1.068,0.11,789.463,19.0
1008,0.275,0.2048,1.068,0.13,794.993,18.0
1009,0.275,0.2503,0.2465,0.03,633.32,17.0
1010,0.275,0.2503,0.2465,0.05,632.858,14.0
1011,0.275,0.2503,0.2465,0.07,639.23,13.0
1012,0.275,0.2503,0.2465,0.09,636.098,17.0
1013,0.275,0.2503,0.2465,0.11,642.339,13.0
1014,0.275,0.2503,0.2465,0.13,647.022,14.0
1015,0.275,0.2503,0.4108,0.03,655.667,14.0
1016,0.275,0.2503,0.4108,0.05,647.873,16.0
1017,0.275,0.2503,0.4108,0.07,646.573,17.0
1018,0.275,0.2503,0.4108,0.09,651.601,15.0
1019,0.275,0.2503,0.4108,0.11,652.397,16.0
1020,0.275,0.2503,0.4108,0.13,658.72,14.0
1021,0.275,0.2503,0.5751,0.03,676.419,18.0
1022,0.275,0.2503,0.5751,0.05,668.864,17.0
1023,0.275,0.2503,0.5751,0.07,665.333,18.0
1024,0.275,0.2503,0.5751,0.09,666.666,15.0
1025,0.275,0.2503,0.5751,0.11,670.659,12.0
1026,0.275,0.2503,0.5751,0.13,672.729,12.0
1027,0.275,0.2503,0.7394,0.03,693.166,17.0
1028,0.275,0.2503,0.7394,0.05,683.823,14.0
1029,0.275,0.2503,0.7394,0.07,683.987,13.0
1030,0.275,0.2503,0.7394,0.09,683.271,13.0
1031,0.275,0.2503,0.7394,0.11,685.767,14.0
1032,0.275,0.2503,0.7394,0.13,684.973,16.0
1033,0.275,0.2503,0.9037,0.03,710.868,16.0
1034,0.275,0.2503,0.9037,0.05,702.57,16.0
1035,0.275,0.2503,0.9037,0.07,698.295,14.0
1036,0.275,0.2503,0.9037,0.09,696.532,16.0
1037,0.275,0.2503,0.9037,0.11,698.812,13.0
1038,0.275,0.2503,0.9037,0.13,696.383,16.0
1039,0.275,0.2503,1.068,0.03,726.855,16.0
1040,0.275,0.2503,1.068,0.05,717.8,14.0
1041,0.275,0.2503,1.068,0.07,711.281,16.0
1042,0.275,0.2503,1.068,0.09,708.003,16.0
1043,0.275,0.2503,1.068,0.11,710.374,12.0
1044,0.275,0.2503,1.068,0.13,710.987,13.0
1045,0.275,0.2958,0.2465,0.03,435.702,17.0
1046,0.275,0.2958,0.2465,0.05,446.143,--
1047,0.275,0.2958,0.2465,0.07,446.143,--
1048,0.275,0.2958,0.2465,0.09,446.143,--
1049,0.275,0.2958,0.2465,0.11,446.143,--
1050,0.275,0.2958,0.2465,0.13,446.143,--
1051,0.275,0.2958,0.4108,0.03,476.91,14.0
1052,0.275,0.2958,0.4108,0.05,446.143,--
1053,0.275,0.2958,0.4108,0.07,446.143,--
1054,0.275,0.2958,0.4108,0.09,446.143,--
1055,0.275,0.2958,0.4108,0.11,446.143,--
1056,0.275,0.2958,0.4108,0.13,446.143,--
1057,0.275,0.2958,0.5751,0.03,494.905,17.0
1058,0.275,0.2958,0.5751,0.05,446.143,--
1059,0.275,0.2958,0.5751,0.07,446.143,--
1060,0.275,0.2958,0.5751,0.09,446.143,--
1061,0.275,0.2958,0.5751,0.11,446.143,--
1062,0.275,0.2958,0.5751,0.13,446.143,--
1063,0.275,0.2958,0.7394,0.03,514.618,15.0
1064,0.275,0.2958,0.7394,0.05,446.143,--
1065,0.275,0.2958,0.7394,0.07,446.143,--
1066,0.275,0.2958,0.7394,0.09,446.143,--
1067,0.275,0.2958,0.7394,0.11,446.143,--
1068,0.275,0.2958,0.7394,0.13,446.143,--
1069,0.275,0.2958,0.9037,0.03,533.031,21.0
1070,0.275,0.2958,0.9037,0.05,446.143,--
1071,0.275,0.2958,0.9037,0.07,446.143,--
1072,0.275,0.2958,0.9037,0.09,446.143,--
1073,0.275,0.2958,0.9037,0.11,446.143,--
1074,0.275,0.2958,0.9037,0.13,446.143,--
1075,0.275,0.2958,1.068,0.03,551.614,15.0
1076,0.275,0.2958,1.068,0.05,446.143,--
1077,0.275,0.2958,1.068,0.07,446.143,--
1078,0.275,0.2958,1.068,0.09,446.143,--
1079,0.275,0.2958,1.068,0.11,446.143,--
1080,0.275,0.2958,1.068,0.13,446.143,--
1081,0.325,0.0683,0.2465,0.03,706.079,27.0
1082,0.325,0.0683,0.2465,0.05,710.519,19.0
1083,0.325,0.0683,0.2465,0.07,710.496,23.0
1084,0.325,0.0683,0.2465,0.09,711.105,23.0
1085,0.325,0.0683,0.2465,0.11,712.434,22.0
1086,0.325,0.0683,0.2465,0.13,708.572,23.0
1087,0.325,0.0683,0.4108,0.03,751.886,20.0
1088,0.325,0.0683,0.4108,0.05,749.404,21.0
1089,0.325,0.0683,0.4108,0.07,750.546,22.0
1090,0.325,0.0683,0.4108,0.09,751.809,20.0
1091,0.325,0.0683,0.4108,0.11,752.491,20.0
1092,0.325,0.0683,0.4108,0.13,750.493,21.0
1093,0.325,0.0683,0.5751,0.03,788.308,20.0
1094,0.325,0.0683,0.5751,0.05,783.783,20.0
1095,0.325,0.0683,0.5751,0.07,787.06,20.0
1096,0.325,0.0683,0.5751,0.09,784.269,22.0
1097,0.325,0.0683,0.5751,0.11,782.821,21.0
1098,0.325,0.0683,0.5751,0.13,785.061,25.0
1099,0.325,0.0683,0.7394,0.03,816.784,18.0
1100,0.325,0.0683,0.7394,0.05,815.546,21.0
1101,0.325,0.0683,0.7394,0.07,816.925,18.0
1102,0.325,0.0683,0.7394,0.09,816.944,19.0
1103,0.325,0.0683,0.7394,0.11,818.421,21.0
1104,0.325,0.0683,0.7394,0.13,817.876,21.0
1105,0.325,0.0683,0.9037,0.03,845.763,16.0
1106,0.325,0.0683,0.9037,0.05,841.756,21.0
1107,0.325,0.0683,0.9037,0.07,843.98,20.0
1108,0.325,0.0683,0.9037,0.09,837.151,24.0
1109,0.325,0.0683,0.9037,0.11,839.263,22.0
1110,0.325,0.0683,0.9037,0.13,842.093,20.0
1111,0.325,0.0683,1.068,0.03,867.164,19.0
1112,0.325,0.0683,1.068,0.05,866.437,20.0
1113,0.325,0.0683,1.068,0.07,864.16,22.0
1114,0.325,0.0683,1.068,0.09,867.218,20.0
1115,0.325,0.0683,1.068,0.11,867.291,20.0
1116,0.325,0.0683,1.068,0.13,866.49,21.0
1117,0.325,0.1138,0.2465,0.03,712.042,19.0
1118,0.325,0.1138,0.2465,0.05,712.213,21.0
1119,0.325,0.1138,0.2465,0.07,715.141,19.0
1120,0.325,0.1138,0.2465,0.09,713.724,20.0
1121,0.325,0.1138,0.2465,0.11,717.1,18.0
1122,0.325,0.1138,0.2465,0.13,710.851,23.0
1123,0.325,0.1138,0.4108,0.03,753.338,20.0
1124,0.325,0.1138,0.4108,0.05,753.778,20.0
1125,0.325,0.1138,0.4108,0.07,753.124,20.0
1126,0.325,0.1138,0.4108,0.09,753.399,23.0
1127,0.325,0.1138,0.4108,0.11,758.701,20.0
1128,0.325,0.1138,0.4108,0.13,753.331,22.0
1129,0.325,0.1138,0.5751,0.03,787.455,19.0
1130,0.325,0.1138,0.5751,0.05,785.224,23.0
1131,0.325,0.1138,0.5751,0.07,787.347,21.0
1132,0.325,0.1138,0.5751,0.09,787.0,20.0
1133,0.325,0.1138,0.5751,0.11,788.151,21.0
1134,0.325,0.1138,0.5751,0.13,790.865,19.0
1135,0.325,0.1138,0.7394,0.03,815.701,20.0
1136,0.325,0.1138,0.7394,0.05,816.678,21.0
1137,0.325,0.1138,0.7394,0.07,815.564,20.0
1138,0.325,0.1138,0.7394,0.09,818.475,20.0
1139,0.325,0.1138,0.7394,0.11,816.967,21.0
1140,0.325,0.1138,0.7394,0.13,816.021,22.0
1141,0.325,0.1138,0.9037,0.03,841.622,21.0
1142,0.325,0.1138,0.9037,0.05,843.263,18.0
1143,0.325,0.1138,0.9037,0.07,843.046,19.0
1144,0.325,0.1138,0.9037,0.09,842.052,21.0
1145,0.325,0.1138,0.9037,0.11,845.321,19.0
1146,0.325,0.1138,0.9037,0.13,846.531,17.0
1147,0.325,0.1138,1.068,0.03,866.628,19.0
1148,0.325,0.1138,1.068,0.05,866.262,19.0
1149,0.325,0.1138,1.068,0.07,867.005,21.0
1150,0.325,0.1138,1.068,0.09,868.298,18.0
1151,0.325,0.1138,1.068,0.11,869.742,19.0
1152,0.325,0.1138,1.068,0.13,867.249,20.0
1153,0.325,0.1593,0.2465,0.03,718.835,18.0
1154,0.325,0.1593,0.2465,0.05,715.185,25.0
1155,0.325,0.1593,0.2465,0.07,721.284,20.0
1156,0.325,0.1593,0.2465,0.09,721.928,20.0
1157,0.325,0.1593,0.2465,0.11,727.927,19.0
1158,0.325,0.1593,0.2465,0.13,726.347,23.0
1159,0.325,0.1593,0.4108,0.03,758.772,18.0
1160,0.325,0.1593,0.4108,0.05,754.956,21.0
1161,0.325,0.1593,0.4108,0.07,759.699,21.0
1162,0.325,0.1593,0.4108,0.09,759.728,22.0
1163,0.325,0.1593,0.4108,0.11,766.703,19.0
1164,0.325,0.1593,0.4108,0.13,766.704,19.0
1165,0.325,0.1593,0.5751,0.03,787.673,21.0
1166,0.325,0.1593,0.5751,0.05,792.279,20.0
1167,0.325,0.1593,0.5751,0.07,791.318,23.0
1168,0.325,0.1593,0.5751,0.09,797.144,19.0
1169,0.325,0.1593,0.5751,0.11,798.394,20.0
1170,0.325,0.1593,0.5751,0.13,801.966,18.0
1171,0.325,0.1593,0.7394,0.03,820.035,20.0
1172,0.325,0.1593,0.7394,0.05,819.932,21.0
1173,0.325,0.1593,0.7394,0.07,826.458,18.0
1174,0.325,0.1593,0.7394,0.09,824.614,22.0
1175,0.325,0.1593,0.7394,0.11,829.102,20.0
1176,0.325,0.1593,0.7394,0.13,827.901,22.0
1177,0.325,0.1593,0.9037,0.03,844.811,19.0
1178,0.325,0.1593,0.9037,0.05,846.287,21.0
1179,0.325,0.1593,0.9037,0.07,848.778,22.0
1180,0.325,0.1593,0.9037,0.09,851.501,18.0
1181,0.325,0.1593,0.9037,0.11,853.266,20.0
1182,0.325,0.1593,0.9037,0.13,854.643,22.0
1183,0.325,0.1593,1.068,0.03,867.514,21.0
1184,0.325,0.1593,1.068,0.05,868.43,23.0
1185,0.325,0.1593,1.068,0.07,872.848,21.0
1186,0.325,0.1593,1.068,0.09,871.334,21.0
1187,0.325,0.1593,1.068,0.11,875.063,20.0
1188,0.325,0.1593,1.068,0.13,874.729,21.0
1189,0.325,0.2048,0.2465,0.03,716.123,21.0
1190,0.325,0.2048,0.2465,0.05,728.571,18.0
1191,0.325,0.2048,0.2465,0.07,732.465,19.0
1192,0.325,0.2048,0.2465,0.09,737.553,19.0
1193,0.325,0.2048,0.2465,0.11,743.278,16.0
1194,0.325,0.2048,0.2465,0.13,749.266,18.0
1195,0.325,0.2048,0.4108,0.03,756.329,21.0
1196,0.325,0.2048,0.4108,0.05,764.023,19.0
1197,0.325,0.2048,0.4108,0.07,768.505,19.0
1198,0.325,0.2048,0.4108,0.09,769.615,22.0
1199,0.325,0.2048,0.4108,0.11,774.609,21.0
1200,0.325,0.2048,0.4108,0.13,783.475,17.0
1201,0.325,0.2048,0.5751,0.03,792.844,20.0
1202,0.325,0.2048,0.5751,0.05,792.427,21.0
1203,0.325,0.2048,0.5751,0.07,800.076,18.0
1204,0.325,0.2048,0.5751,0.09,801.256,20.0
1205,0.325,0.2048,0.5751,0.11,806.11,20.0
1206,0.325,0.2048,0.5751,0.13,810.713,16.0
1207,0.325,0.2048,0.7394,0.03,820.013,20.0
1208,0.325,0.2048,0.7394,0.05,822.042,20.0
1209,0.325,0.2048,0.7394,0.07,825.196,19.0
1210,0.325,0.2048,0.7394,0.09,826.969,20.0
1211,0.325,0.2048,0.7394,0.11,829.968,20.0
1212,0.325,0.2048,0.7394,0.13,836.255,16.0
1213,0.325,0.2048,0.9037,0.03,844.175,21.0
1214,0.325,0.2048,0.9037,0.05,843.989,22.0
1215,0.325,0.2048,0.9037,0.07,845.781,22.0
1216,0.325,0.2048,0.9037,0.09,851.915,19.0
1217,0.325,0.2048,0.9037,0.11,856.408,18.0
1218,0.325,0.2048,0.9037,0.13,858.932,18.0
1219,0.325,0.2048,1.068,0.03,866.154,18.0
1220,0.325,0.2048,1.068,0.05,867.415,19.0
1221,0.325,0.2048,1.068,0.07,867.417,23.0
1222,0.325,0.2048,1.068,0.09,873.144,20.0
1223,0.325,0.2048,1.068,0.11,876.602,18.0
1224,0.325,0.2048,1.068,0.13,880.964,18.0
1225,0.325,0.2503,0.2465,0.03,676.495,15.0
1226,0.325,0.2503,0.2465,0.05,673.082,14.0
1227,0.325,0.2503,0.2465,0.07,665.475,16.0
1228,0.325,0.2503,0.2465,0.09,664.856,18.0
1229,0.325,0.2503,0.2465,0.11,672.426,12.0
1230,0.325,0.2503,0.2465,0.13,673.49,15.0
1231,0.325,0.2503,0.4108,0.03,708.65,19.0
1232,0.325,0.2503,0.4108,0.05,706.884,17.0
1233,0.325,0.2503,0.4108,0.07,702.945,14.0
1234,0.325,0.2503,0.4108,0.09,700.872,15.0
1235,0.325,0.2503,0.4108,0.11,702.778,14.0
1236,0.325,0.2503,0.4108,0.13,704.226,13.0
1237,0.325,0.2503,0.5751,0.03,743.543,18.0
1238,0.325,0.2503,0.5751,0.05,738.114,15.0
1239,0.325,0.2503,0.5751,0.07,733.092,13.0
1240,0.325,0.2503,0.5751,0.09,728.286,14.0
1241,0.325,0.2503,0.5751,0.11,727.629,15.0
1242,0.325,0.2503,0.5751,0.13,728.444,13.0
1243,0.325,0.2503,0.7394,0.03,772.618,18.0
1244,0.325,0.2503,0.7394,0.05,763.694,15.0
1245,0.325,0.2503,0.7394,0.07,758.375,15.0
1246,0.325,0.2503,0.7394,0.09,754.263,13.0
1247,0.325,0.2503,0.7394,0.11,750.246,15.0
1248,0.325,0.2503,0.7394,0.13,749.779,14.0
1249,0.325,0.2503,0.9037,0.03,799.475,16.0
1250,0.325,0.2503,0.9037,0.05,787.401,15.0
1251,0.325,0.2503,0.9037,0.07,782.363,14.0
1252,0.325,0.2503,0.9037,0.09,773.9,15.0
1253,0.325,0.2503,0.9037,0.11,770.616,16.0
1254,0.325,0.2503,0.9037,0.13,768.491,15.0
1255,0.325,0.2503,1.068,0.03,822.864,16.0
1256,0.325,0.2503,1.068,0.05,808.921,16.0
1257,0.325,0.2503,1.068,0.07,800.675,15.0
1258,0.325,0.2503,1.068,0.09,793.724,16.0
1259,0.325,0.2503,1.068,0.11,791.707,13.0
1260,0.325,0.2503,1.068,0.13,784.206,19.0
1261,0.325,0.2958,0.2465,0.03,501.463,19.0
1262,0.325,0.2958,0.2465,0.05,446.143,--
1263,0.325,0.2958,0.2465,0.07,446.143,--
1264,0.325,0.2958,0.2465,0.09,446.143,--
1265,0.325,0.2958,0.2465,0.11,446.143,--
1266,0.325,0.2958,0.2465,0.13,446.143,--
1267,0.325,0.2958,0.4108,0.03,541.242,21.0
1268,0.325,0.2958,0.4108,0.05,446.143,--
1269,0.325,0.2958,0.4108,0.07,446.143,--
1270,0.325,0.2958,0.4108,0.09,446.143,--
1271,0.325,0.2958,0.4108,0.11,446.143,--
1272,0.325,0.2958,0.4108,0.13,446.143,--
1273,0.325,0.2958,0.5751,0.03,582.259,19.0
1274,0.325,0.2958,0.5751,0.05,446.143,--
1275,0.325,0.2958,0.5751,0.07,446.143,--
1276,0.325,0.2958,0.5751,0.09,446.143,--
1277,0.325,0.2958,0.5751,0.11,446.143,--
1278,0.325,0.2958,0.5751,0.13,446.143,--
1279,0.325,0.2958,0.7394,0.03,612.224,14.0
1280,0.325,0.2958,0.7394,0.05,446.143,--
1281,0.325,0.2958,0.7394,0.07,446.143,--
1282,0.325,0.2958,0.7394,0.09,446.143,--
1283,0.325,0.2958,0.7394,0.11,446.143,--
1284,0.325,0.2958,0.7394,0.13,446.143,--
1285,0.325,0.2958,0.9037,0.03,639.98,18.0
1286,0.325,0.2958,0.9037,0.05,446.143,--
1287,0.325,0.2958,0.9037,0.07,446.143,--
1288,0.325,0.2958,0.9037,0.09,446.143,--
1289,0.325,0.2958,0.9037,0.11,446.143,--
1290,0.325,0.2958,0.9037,0.13,446.143,--
1291,0.325,0.2958,1.068,0.03,663.914,17.0
1292,0.325,0.2958,1.068,0.05,446.143,--
1293,0.325,0.2958,1.068,0.07,446.143,--
1294,0.325,0.2958,1.068,0.09,446.143,--
1295,0.325,0.2958,1.068,0.11,446.143,--
1296,0.325,0.2958,1.068,0.13,446.143,--
